Name,Department,Salary,Mobile
Nicholas Floyd,street,252686,(556)947-9674x761
Corey Gross,work,465431,843-985-7750x6690
Sarah Ball,decade,287886,001-307-980-3676x085
Lisa Murillo,more,493807,+1-259-354-7079x548
Anthony Jones,commercial,417765,(714)869-6727x8297
Anthony Ward,money,425219,001-943-971-7506
Kevin Simpson,physical,230518,+1-958-934-9533x5891
Ricardo Hernandez,education,396755,+1-905-259-7752
Madison Scott,difficult,319624,+1-685-393-4920x398
Chad Cook,beat,292777,(480)687-1953x3014
Jose Fisher,nice,308026,502.668.1696
Ashley Duncan,follow,290009,(273)218-7614x6954
Michael Tran,network,394090,(222)818-2024x57988
Samuel Smith Jr.,purpose,245245,658.929.6560x6222
Larry Martinez,mind,491534,(780)380-1488
Nancy Weber,seek,487520,001-488-726-9248x86502
Robin Barry DDS,international,364199,388.466.3773x42556
Tiffany Taylor,imagine,248145,(233)622-5102x99798
Luis Davis,former,495361,401-242-7565
Jennifer Lopez MD,tree,367779,+1-738-578-3166
Terry Herman,under,438410,637-496-3829x17801
David Evans,might,334825,+1-320-689-5745
Christopher Espinoza,seem,202535,001-451-639-4646x4315
Kevin Wallace,have,431729,(782)969-5054
Jason Erickson,subject,423543,+1-394-300-2978x83062
Jon Mathews,father,262579,(445)673-2048
Brenda Diaz,leg,253719,980.334.6792x08233
Kimberly Glass,fast,487416,(513)562-2203x6974
Phillip Sherman,story,333098,764.938.2567x7470
Miranda Schaefer,long,273295,+1-562-328-3887x4148
Jamie Cooper,value,380720,842.505.0070x8758
David Adams,authority,466474,+1-769-486-6044x5587
Laura Hampton,church,430456,001-500-723-3706x8986
Kristen Booth,property,355189,+1-922-940-7741x32785
John Sweeney,participant,458498,701.938.4950x086
Darren Perez,enough,368017,(787)282-9290x7944
Lauren Huang,letter,288045,+1-759-919-3176
Nicholas Morgan,cultural,478098,447-471-4018x14447
Donna Macdonald,argue,379679,(949)945-2785
Sarah Reeves,everybody,488243,+1-226-482-3662
Seth Washington,talk,419620,895.362.5902
Kimberly Richardson,series,471206,001-921-280-7659x5088
David Osborne,most,374473,402-378-5739
Tammy Pittman,send,229544,(278)362-5631x95880
Frank Robinson,answer,442660,6627972857
Robert Fowler,simple,472929,+1-987-990-5692x111
Rebecca Castillo,easy,272848,+1-920-637-9382x85187
Tiffany Lowery,sit,209370,001-413-785-3338
Christina Williams,arrive,308053,586-528-0233x7166
Tammy Zavala,what,438118,469-685-0572x0191
Danielle Welch,shoulder,356425,+1-953-259-4400x86123
Joseph Stewart,middle,481217,8807265418
Julia Flores,return,456587,938.519.9033x2484
Mrs. Tracy Oliver,population,315445,+1-468-843-4038x95820
Kari Howell,concern,336901,894-924-2223
Sarah Thomas,better,417924,5826023804
Mary Hardin,very,448207,+1-639-939-4032x0685
Stephanie Padilla,good,293632,6494862233
Alex Lopez,final,485955,407.420.3369x0813
Mark Craig,each,317424,712-340-7065
Sara Mosley,move,394028,818.309.8784
Raymond Hancock,scene,275637,(734)569-8917
Daniel Lara,add,347230,(717)389-5077
Ryan Lopez,church,439333,(853)499-8278
Jessica Osborne,say,457600,(417)703-9617x3358
Sara Gray,simply,486353,688-334-4979x882
Erin Hamilton,explain,472314,264-928-6515
Brian Smith,of,231723,514.313.4299x61190
Anthony Hall,music,492755,(819)793-3066x833
Sean Reyes,seek,231072,001-453-359-3318x093
Kathryn Soto,movement,225742,001-974-243-5461x430
Rebecca Hernandez,military,479439,470.496.5148x511
Marc Huang,business,328150,873.883.3003x330
Ashlee Clark,morning,258731,916-271-2970x96396
Vanessa Hill,anyone,217563,+1-595-257-8488x2526
Rhonda Finley,report,462437,(223)446-4812
Gary Ruiz,each,422142,208-999-0040
Juan Moreno,politics,455021,756.523.2113x8664
David Diaz,wall,359877,(724)593-8224x45787
Maria Smith,control,360522,001-201-766-0470
Brady Simmons,after,458837,376-674-5029x7415
Patricia King,certainly,365967,+1-437-748-0868
Makayla Oliver,trip,214892,365-567-2642x55206
Tiffany Berger,collection,476074,516.502.2201x78531
Amanda Little,answer,346244,001-489-381-8360x0402
Amber Meyer,rate,393497,001-490-649-5828x782
Meredith Reyes,attack,317407,944-851-0573x196
Shelby Shaw,claim,206930,7925467901
Kristin Silva,hundred,295757,001-414-279-3358x56792
Christopher Ayers,smile,491312,001-855-650-8451
John Davies,go,276253,001-346-393-3375x2802
Darlene Hayes,chair,354142,+1-399-639-8260x4064
Mark Braun,range,401229,793-326-1145
Jeffery Herrera,what,339910,952-427-3480x99712
Bradley Jones,receive,465003,272.777.5353x915
Robert Gregory,range,490914,737-525-2170
Allison Lopez,everybody,464765,9516504129
Haley Clarke,paper,341560,444.764.9761x09218
Michelle Cooke,myself,208638,001-306-348-0182x467
Charles Sexton,though,367569,001-980-703-7388x7343
